{"embedding_dims": 3, "k": 150, "distance": "pn", "batch_size": 128, "epochs": 1000, "n_epochs_without_progress": 5, "knn_distance_metric": "angular", "n_trees": 50, "ntrees": null, "search_k": -1, "precompute": true, "model": "maaten", "supervision_metric": "sparse_categorical_crossentropy", "supervision_weight": 0.5, "loss_history_": [0.6848984360694885, 0.29596009850502014, 0.2502277195453644, 0.23177015781402588, 0.2177393138408661, 0.21272790431976318, 0.202105313539505, 0.2072068750858307, 0.21038712561130524, 0.21069590747356415, 0.19774119555950165, 0.1984955221414566, 0.18548402190208435, 0.18263991177082062, 0.19333671033382416, 0.1777750700712204, 0.1885211318731308, 0.17308659851551056, 0.17727743089199066, 0.1764112263917923, 0.1738710254430771, 0.17672832310199738, 0.17358200252056122], "annoy_index_path": null, "callbacks": [], "build_index_on_disk": true, "neighbour_matrix": null, "verbose": 1, "callbacks_": [], "encoder_": null, "model_": null, "n_classes_": 2, "neighbour_matrix_": null, "supervised_model_": null}