{"embedding_dims": 3, "k": 150, "distance": "pn", "batch_size": 128, "epochs": 1000, "n_epochs_without_progress": 5, "knn_distance_metric": "angular", "n_trees": 50, "ntrees": null, "search_k": -1, "precompute": true, "model": "maaten", "supervision_metric": "sparse_categorical_crossentropy", "supervision_weight": 0.5, "loss_history_": [0.40851250290870667, 0.2317495048046112, 0.2135756015777588, 0.2009362429380417, 0.19453811645507812, 0.1883961260318756, 0.19287820160388947, 0.18574602901935577, 0.17997732758522034, 0.1864006370306015, 0.17949101328849792, 0.17239747941493988, 0.17826873064041138, 0.17976082861423492, 0.17368237674236298, 0.17062166333198547, 0.17500776052474976, 0.17087224125862122, 0.17414115369319916, 0.1790669858455658, 0.17619991302490234], "annoy_index_path": null, "callbacks": [], "build_index_on_disk": true, "neighbour_matrix": null, "verbose": 1, "callbacks_": [], "encoder_": null, "model_": null, "n_classes_": 2, "neighbour_matrix_": null, "supervised_model_": null}